{
    "name": "root",
    "gauges": {
        "simpleshooter.Policy.Entropy.mean": {
            "value": 7.164809226989746,
            "min": 6.7330169677734375,
            "max": 7.34390115737915,
            "count": 184
        },
        "simpleshooter.Policy.Entropy.sum": {
            "value": 105680.9375,
            "min": 9922.2666015625,
            "max": 473965.46875,
            "count": 184
        },
        "simpleshooter.Environment.EpisodeLength.mean": {
            "value": 1629.1,
            "min": 84.74561403508773,
            "max": 4511.5,
            "count": 182
        },
        "simpleshooter.Environment.EpisodeLength.sum": {
            "value": 16291.0,
            "min": 748.0,
            "max": 51346.0,
            "count": 182
        },
        "simpleshooter.Step.mean": {
            "value": 31069023.0,
            "min": 29219636.0,
            "max": 31069023.0,
            "count": 186
        },
        "simpleshooter.Step.sum": {
            "value": 31069023.0,
            "min": 29219636.0,
            "max": 31069023.0,
            "count": 186
        },
        "simpleshooter.Policy.ExtrinsicBaselineEstimate.mean": {
            "value": 0.1091131940484047,
            "min": -0.019367191940546036,
            "max": 6.479778289794922,
            "count": 186
        },
        "simpleshooter.Policy.ExtrinsicBaselineEstimate.sum": {
            "value": 1.3093583583831787,
            "min": -0.28938913345336914,
            "max": 110.15623474121094,
            "count": 186
        },
        "simpleshooter.Policy.ExtrinsicValueEstimate.mean": {
            "value": 0.1091131940484047,
            "min": -0.019367191940546036,
            "max": 5.731021881103516,
            "count": 186
        },
        "simpleshooter.Policy.ExtrinsicValueEstimate.sum": {
            "value": 1.3093583583831787,
            "min": -0.28938913345336914,
            "max": 97.42737579345703,
            "count": 186
        },
        "simpleshooter.Policy.CuriosityBaselineEstimate.mean": {
            "value": 2.3518905639648438,
            "min": 1.2219891548156738,
            "max": 2.4982612133026123,
            "count": 186
        },
        "simpleshooter.Policy.CuriosityBaselineEstimate.sum": {
            "value": 28.222686767578125,
            "min": 12.219891548156738,
            "max": 83.81515502929688,
            "count": 186
        },
        "simpleshooter.Policy.CuriosityValueEstimate.mean": {
            "value": 2.3518905639648438,
            "min": 1.2219891548156738,
            "max": 2.4982612133026123,
            "count": 186
        },
        "simpleshooter.Policy.CuriosityValueEstimate.sum": {
            "value": 28.222686767578125,
            "min": 12.219891548156738,
            "max": 89.25074768066406,
            "count": 186
        },
        "simpleshooter.Environment.CumulativeReward.mean": {
            "value": -0.28333333134651184,
            "min": -0.7125000227242708,
            "max": 0.7444444298744202,
            "count": 177
        },
        "simpleshooter.Environment.CumulativeReward.sum": {
            "value": -1.1333333253860474,
            "min": -6.866666674613953,
            "max": 5.499999970197678,
            "count": 177
        },
        "simpleshooter.Policy.ExtrinsicReward.mean": {
            "value": -0.28333333134651184,
            "min": -0.7125000227242708,
            "max": 206.39833335876466,
            "count": 177
        },
        "simpleshooter.Policy.ExtrinsicReward.sum": {
            "value": -1.1333333253860474,
            "min": -6.866666674613953,
            "max": 2386.0333404541016,
            "count": 177
        },
        "simpleshooter.Policy.CuriosityReward.mean": {
            "value": 26.764522027224302,
            "min": 0.0,
            "max": 82.5257508456707,
            "count": 177
        },
        "simpleshooter.Policy.CuriosityReward.sum": {
            "value": 107.05808810889721,
            "min": 0.0,
            "max": 545.3083675205708,
            "count": 177
        },
        "simpleshooter.Environment.GroupCumulativeReward.mean": {
            "value": 0.0,
            "min": 0.0,
            "max": 206.35499992370606,
            "count": 177
        },
        "simpleshooter.Environment.GroupCumulativeReward.sum": {
            "value": 0.0,
            "min": 0.0,
            "max": 2384.800003051758,
            "count": 177
        },
        "simpleshooter.Self-play.ELO.mean": {
            "value": -23849.723843785945,
            "min": -23849.723843785945,
            "max": -23615.938191416983,
            "count": 177
        },
        "simpleshooter.Self-play.ELO.sum": {
            "value": -95398.89537514378,
            "min": -519550.6560414351,
            "max": -23615.938191416983,
            "count": 177
        },
        "simpleshooter.IsTraining.mean": {
            "value": 1.0,
            "min": 1.0,
            "max": 1.0,
            "count": 186
        },
        "simpleshooter.IsTraining.sum": {
            "value": 1.0,
            "min": 1.0,
            "max": 1.0,
            "count": 186
        },
        "simpleshooter.Losses.PolicyLoss.mean": {
            "value": 0.013486350853561431,
            "min": 0.012143395953656485,
            "max": 0.024528637673938647,
            "count": 84
        },
        "simpleshooter.Losses.PolicyLoss.sum": {
            "value": 0.013486350853561431,
            "min": 0.012143395953656485,
            "max": 0.024528637673938647,
            "count": 84
        },
        "simpleshooter.Losses.ValueLoss.mean": {
            "value": 0.020136915824630043,
            "min": 0.005898498666162292,
            "max": 1.7617569287618002,
            "count": 84
        },
        "simpleshooter.Losses.ValueLoss.sum": {
            "value": 0.020136915824630043,
            "min": 0.005898498666162292,
            "max": 1.7617569287618002,
            "count": 84
        },
        "simpleshooter.Losses.BaselineLoss.mean": {
            "value": 0.020230129699815403,
            "min": 0.005898498666162292,
            "max": 6.938711277643839,
            "count": 84
        },
        "simpleshooter.Losses.BaselineLoss.sum": {
            "value": 0.020230129699815403,
            "min": 0.005898498666162292,
            "max": 6.938711277643839,
            "count": 84
        },
        "simpleshooter.Policy.LearningRate.mean": {
            "value": 0.0003,
            "min": 0.0003,
            "max": 0.0003,
            "count": 84
        },
        "simpleshooter.Policy.LearningRate.sum": {
            "value": 0.0003,
            "min": 0.0003,
            "max": 0.0003,
            "count": 84
        },
        "simpleshooter.Policy.Epsilon.mean": {
            "value": 0.2,
            "min": 0.19999999999999996,
            "max": 0.20000000000000007,
            "count": 84
        },
        "simpleshooter.Policy.Epsilon.sum": {
            "value": 0.2,
            "min": 0.19999999999999996,
            "max": 0.20000000000000007,
            "count": 84
        },
        "simpleshooter.Policy.Beta.mean": {
            "value": 0.005,
            "min": 0.005,
            "max": 0.005000000000000001,
            "count": 84
        },
        "simpleshooter.Policy.Beta.sum": {
            "value": 0.005,
            "min": 0.005,
            "max": 0.005000000000000001,
            "count": 84
        },
        "simpleshooter.Losses.CuriosityForwardLoss.mean": {
            "value": 0.8515532450242476,
            "min": 0.5556604425112407,
            "max": 1.0833188367612434,
            "count": 84
        },
        "simpleshooter.Losses.CuriosityForwardLoss.sum": {
            "value": 0.8515532450242476,
            "min": 0.5556604425112407,
            "max": 1.0833188367612434,
            "count": 84
        },