{
    "name": "root",
    "gauges": {
        "simpleshooter.Policy.Entropy.mean": {
            "value": 7.432919979095459,
            "min": 7.018653392791748,
            "max": 7.432919979095459,
            "count": 20
        },
        "simpleshooter.Policy.Entropy.sum": {
            "value": 252421.96875,
            "min": 65364.71875,
            "max": 252421.96875,
            "count": 20
        },
        "simpleshooter.Environment.EpisodeLength.mean": {
            "value": 215.96511627906978,
            "min": 28.631818181818183,
            "max": 215.96511627906978,
            "count": 20
        },
        "simpleshooter.Environment.EpisodeLength.sum": {
            "value": 18573.0,
            "min": 6299.0,
            "max": 27411.0,
            "count": 20
        },
        "simpleshooter.Step.mean": {
            "value": 29949432.0,
            "min": 29759930.0,
            "max": 29949432.0,
            "count": 20
        },
        "simpleshooter.Step.sum": {
            "value": 29949432.0,
            "min": 29759930.0,
            "max": 29949432.0,
            "count": 20
        },
        "simpleshooter.Policy.ExtrinsicBaselineEstimate.mean": {
            "value": 0.26677629351615906,
            "min": 0.20936153829097748,
            "max": 0.42304322123527527,
            "count": 20
        },
        "simpleshooter.Policy.ExtrinsicBaselineEstimate.sum": {
            "value": 16.00657844543457,
            "min": 16.00657844543457,
            "max": 41.446624755859375,
            "count": 20
        },
        "simpleshooter.Policy.ExtrinsicValueEstimate.mean": {
            "value": 0.26677629351615906,
            "min": 0.20936153829097748,
            "max": 0.42304322123527527,
            "count": 20
        },
        "simpleshooter.Policy.ExtrinsicValueEstimate.sum": {
            "value": 16.00657844543457,
            "min": 16.00657844543457,
            "max": 42.84980392456055,
            "count": 20
        },
        "simpleshooter.Policy.CuriosityBaselineEstimate.mean": {
            "value": 0.9525709748268127,
            "min": 0.9346316456794739,
            "max": 1.1672751903533936,
            "count": 20
        },
        "simpleshooter.Policy.CuriosityBaselineEstimate.sum": {
            "value": 57.154258728027344,
            "min": 56.73670959472656,
            "max": 168.89077758789062,
            "count": 20
        },
        "simpleshooter.Policy.CuriosityValueEstimate.mean": {
            "value": 0.9525709748268127,
            "min": 0.9346316456794739,
            "max": 1.1544463634490967,
            "count": 20
        },
        "simpleshooter.Policy.CuriosityValueEstimate.sum": {
            "value": 57.154258728027344,
            "min": 56.73670959472656,
            "max": 168.8499755859375,
            "count": 20
        },
        "simpleshooter.Environment.CumulativeReward.mean": {
            "value": -0.02931035464179927,
            "min": -0.02931035464179927,
            "max": 0.2928571448504151,
            "count": 20
        },
        "simpleshooter.Environment.CumulativeReward.sum": {
            "value": -1.7000005692243576,
            "min": -1.7000005692243576,
            "max": 45.10000030696392,
            "count": 20
        },
        "simpleshooter.Policy.ExtrinsicReward.mean": {
            "value": -0.02931035464179927,
            "min": -0.02931035464179927,
            "max": 2.6845132931407574,
            "count": 20
        },
        "simpleshooter.Policy.ExtrinsicReward.sum": {
            "value": -1.7000005692243576,
            "min": -1.7000005692243576,
            "max": 303.3500021249056,
            "count": 20
        },
        "simpleshooter.Policy.CuriosityReward.mean": {
            "value": 1.5411510636130799,
            "min": 0.0,
            "max": 1.5411510636130799,
            "count": 20
        },
        "simpleshooter.Policy.CuriosityReward.sum": {
            "value": 89.38676168955863,
            "min": 0.0,
            "max": 122.60699435323477,
            "count": 20
        },
        "simpleshooter.Environment.GroupCumulativeReward.mean": {
            "value": 0.0,
            "min": 0.0,
            "max": 1.8909090988413253,
            "count": 20
        },
        "simpleshooter.Environment.GroupCumulativeReward.sum": {
            "value": 0.0,
            "min": 0.0,
            "max": 237.75,
            "count": 20
        },
        "simpleshooter.Self-play.ELO.mean": {
            "value": 1297.281726616301,
            "min": 1291.8579912764794,
            "max": 1297.281726616301,
            "count": 20
        },
        "simpleshooter.Self-play.ELO.sum": {
            "value": 73945.05841712916,
            "min": 73945.05841712916,
            "max": 199586.88072624372,
            "count": 20
        },
        "simpleshooter.IsTraining.mean": {
            "value": 1.0,
            "min": 1.0,
            "max": 1.0,
            "count": 20
        },
        "simpleshooter.IsTraining.sum": {
            "value": 1.0,
            "min": 1.0,
            "max": 1.0,
            "count": 20
        },
        "simpleshooter.Losses.PolicyLoss.mean": {
            "value": 0.016827881422856687,
            "min": 0.01372496960296606,
            "max": 0.024688252462510718,
            "count": 9
        },
        "simpleshooter.Losses.PolicyLoss.sum": {
            "value": 0.016827881422856687,
            "min": 0.01372496960296606,
            "max": 0.024688252462510718,
            "count": 9
        },
        "simpleshooter.Losses.ValueLoss.mean": {
            "value": 0.008395277320717771,
            "min": 0.008395277320717771,
            "max": 0.36295904964208603,
            "count": 9
        },
        "simpleshooter.Losses.ValueLoss.sum": {
            "value": 0.008395277320717771,
            "min": 0.008395277320717771,
            "max": 0.36295904964208603,
            "count": 9
        },
        "simpleshooter.Losses.BaselineLoss.mean": {
            "value": 0.008417346592371663,
            "min": 0.008417346592371663,
            "max": 0.6998158852259319,
            "count": 9
        },
        "simpleshooter.Losses.BaselineLoss.sum": {
            "value": 0.008417346592371663,
            "min": 0.008417346592371663,
            "max": 0.6998158852259319,
            "count": 9
        },
        "simpleshooter.Policy.LearningRate.mean": {
            "value": 0.0003,
            "min": 0.0003,
            "max": 0.0003,
            "count": 9
        },
        "simpleshooter.Policy.LearningRate.sum": {
            "value": 0.0003,
            "min": 0.0003,
            "max": 0.0003,
            "count": 9
        },
        "simpleshooter.Policy.Epsilon.mean": {
            "value": 0.20000000000000007,
            "min": 0.20000000000000007,
            "max": 0.20000000000000007,
            "count": 9
        },
        "simpleshooter.Policy.Epsilon.sum": {
            "value": 0.20000000000000007,
            "min": 0.20000000000000007,
            "max": 0.20000000000000007,
            "count": 9
        },
        "simpleshooter.Policy.Beta.mean": {
            "value": 0.005000000000000001,
            "min": 0.005000000000000001,
            "max": 0.005000000000000001,
            "count": 9
        },
        "simpleshooter.Policy.Beta.sum": {
            "value": 0.005000000000000001,
            "min": 0.005000000000000001,
            "max": 0.005000000000000001,
            "count": 9
        },
        "simpleshooter.Losses.CuriosityForwardLoss.mean": {
            "value": 0.3703946719566981,
            "min": 0.35942368606726327,
            "max": 0.4300943831602732,
            "count": 9
        },
        "simpleshooter.Losses.CuriosityForwardLoss.sum": {
            "value": 0.3703946719566981,
            "min": 0.35942368606726327,
            "max": 0.4300943831602732,
            "count": 9
        },