{
    "name": "root",
    "gauges": {
        "simpleshooter.Policy.Entropy.mean": {
            "value": 2.693678617477417,
            "min": 2.6768720149993896,
            "max": 4.092948913574219,
            "count": 150
        },
        "simpleshooter.Policy.Entropy.sum": {
            "value": 51777.890625,
            "min": 15467.97265625,
            "max": 213823.828125,
            "count": 150
        },
        "simpleshooter.Environment.EpisodeLength.mean": {
            "value": 19.608926673751327,
            "min": 18.484126984126984,
            "max": 689.5925925925926,
            "count": 150
        },
        "simpleshooter.Environment.EpisodeLength.sum": {
            "value": 18452.0,
            "min": 6418.0,
            "max": 31577.0,
            "count": 150
        },
        "simpleshooter.Self-play.ELO.mean": {
            "value": 1213.4662003269527,
            "min": 1188.4038671908393,
            "max": 1215.8412155300334,
            "count": 150
        },
        "simpleshooter.Self-play.ELO.sum": {
            "value": 451409.4265216264,
            "min": 7177.905646663541,
            "max": 534973.6997123309,
            "count": 150
        },
        "simpleshooter.Step.mean": {
            "value": 1499964.0,
            "min": 9709.0,
            "max": 1499964.0,
            "count": 150
        },
        "simpleshooter.Step.sum": {
            "value": 1499964.0,
            "min": 9709.0,
            "max": 1499964.0,
            "count": 150
        },
        "simpleshooter.Policy.ExtrinsicBaselineEstimate.mean": {
            "value": 0.4326391816139221,
            "min": -0.453762948513031,
            "max": 1.0309456586837769,
            "count": 150
        },
        "simpleshooter.Policy.ExtrinsicBaselineEstimate.sum": {
            "value": 160.9417724609375,
            "min": -110.7181625366211,
            "max": 448.737060546875,
            "count": 150
        },
        "simpleshooter.Policy.ExtrinsicValueEstimate.mean": {
            "value": 0.4326391816139221,
            "min": -0.453762948513031,
            "max": 1.0309456586837769,
            "count": 150
        },
        "simpleshooter.Policy.ExtrinsicValueEstimate.sum": {
            "value": 160.9417724609375,
            "min": -110.7181625366211,
            "max": 448.737060546875,
            "count": 150
        },
        "simpleshooter.Policy.CuriosityBaselineEstimate.mean": {
            "value": 0.7266321778297424,
            "min": -0.016169525682926178,
            "max": 2.7927231788635254,
            "count": 150
        },
        "simpleshooter.Policy.CuriosityBaselineEstimate.sum": {
            "value": 270.3071594238281,
            "min": -1.7301392555236816,
            "max": 672.065673828125,
            "count": 150
        },
        "simpleshooter.Policy.CuriosityValueEstimate.mean": {
            "value": 0.7266321778297424,
            "min": -0.016169637441635132,
            "max": 2.7927231788635254,
            "count": 150
        },
        "simpleshooter.Policy.CuriosityValueEstimate.sum": {
            "value": 270.3071594238281,
            "min": -1.7301511764526367,
            "max": 672.065673828125,
            "count": 150
        },
        "simpleshooter.Environment.CumulativeReward.mean": {
            "value": 0.6104838812663671,
            "min": -1.4619048557111196,
            "max": 5.255914032218918,
            "count": 150
        },
        "simpleshooter.Environment.CumulativeReward.sum": {
            "value": 227.10000383108854,
            "min": -34.2333362698555,
            "max": 242.00000420212746,
            "count": 150
        },
        "simpleshooter.Policy.ExtrinsicReward.mean": {
            "value": 0.6104838812663671,
            "min": -1.4619048557111196,
            "max": 5.255914032218918,
            "count": 150
        },
        "simpleshooter.Policy.ExtrinsicReward.sum": {
            "value": 227.10000383108854,
            "min": -34.2333362698555,
            "max": 242.00000420212746,
            "count": 150
        },
        "simpleshooter.Policy.CuriosityReward.mean": {
            "value": 0.18765365186720706,
            "min": 0.0,
            "max": 21.34812752196663,
            "count": 150
        },
        "simpleshooter.Policy.CuriosityReward.sum": {
            "value": 69.80715849460103,
            "min": 0.0,
            "max": 486.3771542310715,
            "count": 150
        },
        "simpleshooter.Environment.GroupCumulativeReward.mean": {
            "value": 0.0,
            "min": 0.0,
            "max": 0.125,
            "count": 150
        },
        "simpleshooter.Environment.GroupCumulativeReward.sum": {
            "value": 0.0,
            "min": 0.0,
            "max": 3.0,
            "count": 150
        },
        "simpleshooter.IsTraining.mean": {
            "value": 1.0,
            "min": 1.0,
            "max": 1.0,
            "count": 150
        },
        "simpleshooter.IsTraining.sum": {
            "value": 1.0,
            "min": 1.0,
            "max": 1.0,
            "count": 150
        },
        "simpleshooter.Losses.PolicyLoss.mean": {
            "value": 0.019833041665454704,
            "min": 0.011043005995452404,
            "max": 0.022282213624566793,
            "count": 72
        },
        "simpleshooter.Losses.PolicyLoss.sum": {
            "value": 0.019833041665454704,
            "min": 0.011043005995452404,
            "max": 0.022282213624566793,
            "count": 72
        },
        "simpleshooter.Losses.ValueLoss.mean": {
            "value": 0.036379177247484525,
            "min": 0.003660545197569511,
            "max": 0.2654382959008217,
            "count": 72
        },
        "simpleshooter.Losses.ValueLoss.sum": {
            "value": 0.036379177247484525,
            "min": 0.003660545197569511,
            "max": 0.2654382959008217,
            "count": 72
        },
        "simpleshooter.Losses.BaselineLoss.mean": {
            "value": 0.036379177247484525,
            "min": 0.0036519274722333207,
            "max": 0.5142720093329748,
            "count": 72
        },
        "simpleshooter.Losses.BaselineLoss.sum": {
            "value": 0.036379177247484525,
            "min": 0.0036519274722333207,
            "max": 0.5142720093329748,
            "count": 72
        },
        "simpleshooter.Policy.LearningRate.mean": {
            "value": 0.0003,
            "min": 0.0003,
            "max": 0.0003,
            "count": 72
        },
        "simpleshooter.Policy.LearningRate.sum": {
            "value": 0.0003,
            "min": 0.0003,
            "max": 0.0003,
            "count": 72
        },
        "simpleshooter.Policy.Epsilon.mean": {
            "value": 0.20000000000000007,
            "min": 0.2,
            "max": 0.20000000000000007,
            "count": 72
        },
        "simpleshooter.Policy.Epsilon.sum": {
            "value": 0.20000000000000007,
            "min": 0.2,
            "max": 0.20000000000000007,
            "count": 72
        },
        "simpleshooter.Policy.Beta.mean": {
            "value": 0.005000000000000001,
            "min": 0.005,
            "max": 0.005000000000000001,
            "count": 72
        },
        "simpleshooter.Policy.Beta.sum": {
            "value": 0.005000000000000001,
            "min": 0.005,
            "max": 0.005000000000000001,
            "count": 72
        },
        "simpleshooter.Losses.CuriosityForwardLoss.mean": {
            "value": 0.17222793251276017,
            "min": 0.09605276063084603,
            "max": 6.2810314424110185,
            "count": 72
        },
        "simpleshooter.Losses.CuriosityForwardLoss.sum": {
            "value": 0.17222793251276017,
            "min": 0.09605276063084603,
            "max": 6.2810314424110185,
            "count": 72
        },