{
    "name": "root",
    "gauges": {
        "simpleshooter.Policy.Entropy.mean": {
            "value": 4.379917621612549,
            "min": 4.379917621612549,
            "max": 5.5127854347229,
            "count": 124
        },
        "simpleshooter.Policy.Entropy.sum": {
            "value": 84234.578125,
            "min": 60517.046875,
            "max": 212914.78125,
            "count": 124
        },
        "simpleshooter.Environment.EpisodeLength.mean": {
            "value": 18.736458333333335,
            "min": 17.971456692913385,
            "max": 846.9615384615385,
            "count": 124
        },
        "simpleshooter.Environment.EpisodeLength.sum": {
            "value": 17987.0,
            "min": 12046.0,
            "max": 26926.0,
            "count": 124
        },
        "simpleshooter.Self-play.ELO.mean": {
            "value": 1210.6794472075846,
            "min": 1197.3489906060802,
            "max": 1211.0047239433632,
            "count": 124
        },
        "simpleshooter.Self-play.ELO.sum": {
            "value": 556912.545715489,
            "min": 11984.945834210519,
            "max": 679740.8098990198,
            "count": 124
        },
        "simpleshooter.Step.mean": {
            "value": 1239992.0,
            "min": 9173.0,
            "max": 1239992.0,
            "count": 124
        },
        "simpleshooter.Step.sum": {
            "value": 1239992.0,
            "min": 9173.0,
            "max": 1239992.0,
            "count": 124
        },
        "simpleshooter.Policy.ExtrinsicBaselineEstimate.mean": {
            "value": 0.16265197098255157,
            "min": -0.11758537590503693,
            "max": 1.3382024765014648,
            "count": 124
        },
        "simpleshooter.Policy.ExtrinsicBaselineEstimate.sum": {
            "value": 74.81990814208984,
            "min": -10.103367805480957,
            "max": 104.9544906616211,
            "count": 124
        },
        "simpleshooter.Policy.ExtrinsicValueEstimate.mean": {
            "value": 0.16265197098255157,
            "min": -0.11758537590503693,
            "max": 1.3382024765014648,
            "count": 124
        },
        "simpleshooter.Policy.ExtrinsicValueEstimate.sum": {
            "value": 74.81990814208984,
            "min": -10.103367805480957,
            "max": 104.9544906616211,
            "count": 124
        },
        "simpleshooter.Policy.CuriosityBaselineEstimate.mean": {
            "value": 0.514690101146698,
            "min": -0.030501455068588257,
            "max": 0.514690101146698,
            "count": 124
        },
        "simpleshooter.Policy.CuriosityBaselineEstimate.sum": {
            "value": 236.7574462890625,
            "min": -2.348612070083618,
            "max": 250.57806396484375,
            "count": 124
        },
        "simpleshooter.Policy.CuriosityValueEstimate.mean": {
            "value": 0.514690101146698,
            "min": -0.03053297847509384,
            "max": 0.514690101146698,
            "count": 124
        },
        "simpleshooter.Policy.CuriosityValueEstimate.sum": {
            "value": 236.7574462890625,
            "min": -2.351039409637451,
            "max": 250.57806396484375,
            "count": 124
        },
        "simpleshooter.Environment.CumulativeReward.mean": {
            "value": 0.23152175706041897,
            "min": -2.7357144488820007,
            "max": 0.7318966206291626,
            "count": 124
        },
        "simpleshooter.Environment.CumulativeReward.sum": {
            "value": 106.50000824779272,
            "min": -43.06666945666075,
            "max": 112.60000918060541,
            "count": 124
        },
        "simpleshooter.Policy.ExtrinsicReward.mean": {
            "value": 0.23152175706041897,
            "min": -2.7357144488820007,
            "max": 44.23623246246058,
            "count": 124
        },
        "simpleshooter.Policy.ExtrinsicReward.sum": {
            "value": 106.50000824779272,
            "min": -43.06666945666075,
            "max": 1017.4333466365933,
            "count": 124
        },
        "simpleshooter.Policy.CuriosityReward.mean": {
            "value": 0.07686859607853441,
            "min": 0.0,
            "max": 10.321388662925788,
            "count": 124
        },
        "simpleshooter.Policy.CuriosityReward.sum": {
            "value": 35.35955419612583,
            "min": 0.0,
            "max": 199.7300303527154,
            "count": 124
        },
        "simpleshooter.Environment.GroupCumulativeReward.mean": {
            "value": 0.0,
            "min": 0.0,
            "max": 45.134782728941545,
            "count": 124
        },
        "simpleshooter.Environment.GroupCumulativeReward.sum": {
            "value": 0.0,
            "min": 0.0,
            "max": 1038.1000027656555,
            "count": 124
        },
        "simpleshooter.IsTraining.mean": {
            "value": 1.0,
            "min": 1.0,
            "max": 1.0,
            "count": 124
        },
        "simpleshooter.IsTraining.sum": {
            "value": 1.0,
            "min": 1.0,
            "max": 1.0,
            "count": 124
        },
        "simpleshooter.Losses.PolicyLoss.mean": {
            "value": 0.01829589291010052,
            "min": 0.010004733502864838,
            "max": 0.021705294915591367,
            "count": 60
        },
        "simpleshooter.Losses.PolicyLoss.sum": {
            "value": 0.01829589291010052,
            "min": 0.010004733502864838,
            "max": 0.021705294915591367,
            "count": 60
        },
        "simpleshooter.Losses.ValueLoss.mean": {
            "value": 0.007826389325782657,
            "min": 0.001660655481585612,
            "max": 1.777315866947174,
            "count": 60
        },
        "simpleshooter.Losses.ValueLoss.sum": {
            "value": 0.007826389325782657,
            "min": 0.001660655481585612,
            "max": 1.777315866947174,
            "count": 60
        },
        "simpleshooter.Losses.BaselineLoss.mean": {
            "value": 0.007826389325782657,
            "min": 0.001660655481585612,
            "max": 3.079178229967753,
            "count": 60
        },
        "simpleshooter.Losses.BaselineLoss.sum": {
            "value": 0.007826389325782657,
            "min": 0.001660655481585612,
            "max": 3.079178229967753,
            "count": 60
        },
        "simpleshooter.Policy.LearningRate.mean": {
            "value": 0.0003,
            "min": 0.0003,
            "max": 0.0003,
            "count": 60
        },
        "simpleshooter.Policy.LearningRate.sum": {
            "value": 0.0003,
            "min": 0.0003,
            "max": 0.0003,
            "count": 60
        },
        "simpleshooter.Policy.Epsilon.mean": {
            "value": 0.20000000000000007,
            "min": 0.20000000000000007,
            "max": 0.20000000000000007,
            "count": 60
        },
        "simpleshooter.Policy.Epsilon.sum": {
            "value": 0.20000000000000007,
            "min": 0.20000000000000007,
            "max": 0.20000000000000007,
            "count": 60
        },
        "simpleshooter.Policy.Beta.mean": {
            "value": 0.005000000000000001,
            "min": 0.005000000000000001,
            "max": 0.005000000000000001,
            "count": 60
        },
        "simpleshooter.Policy.Beta.sum": {
            "value": 0.005000000000000001,
            "min": 0.005000000000000001,
            "max": 0.005000000000000001,
            "count": 60
        },
        "simpleshooter.Losses.CuriosityForwardLoss.mean": {
            "value": 0.16767618904511133,
            "min": 0.07183749079704285,
            "max": 2.4877860327561696,
            "count": 60
        },
        "simpleshooter.Losses.CuriosityForwardLoss.sum": {
            "value": 0.16767618904511133,
            "min": 0.07183749079704285,
            "max": 2.4877860327561696,