{"count":1,"self":625.9511808,"total":4716.7702073,"children":{"InitializeActuators":{"count":4712,"self":0.1059619,"total":0.1059619,"children":null},"InitializeSensors":{"count":4712,"self":0.5002615,"total":0.5002615,"children":null},"AgentSendState":{"count":417017,"self":370.9444096,"total":1145.2331557999998,"children":{"CollectObservations":{"count":2249416,"self":98.778207999999992,"total":98.778205,"children":null},"WriteActionMask":{"count":2249416,"self":7.1277984,"total":7.1277982,"children":null},"RequestDecision":{"count":2249416,"self":29.094716799999997,"total":668.382755,"children":{"AgentInfo.ToProto":{"count":2249416,"self":26.6020096,"total":639.28803859999994,"children":{"GenerateSensorData":{"count":2249416,"self":578.022656,"total":612.6860285,"children":{"RayPerceptionSensor.Perceive":{"count":2249416,"self":34.6633664,"total":34.6633673,"children":null}}}}}}}}},"DecideAction":{"count":417017,"self":2715.1702016,"total":2715.1701003,"children":null},"AgentAct":{"count":417017,"self":228.37439999999998,"total":229.7796589,"children":{"AgentInfo.ToProto":{"count":4689,"self":0.09365649999999999,"total":1.4052586999999999,"children":{"GenerateSensorData":{"count":4689,"self":1.2374446,"total":1.3116022,"children":{"RayPerceptionSensor.Perceive":{"count":4689,"self":0.07415759999999999,"total":0.07415759999999999,"children":null}}}}}}},"AgentInfo.ToProto":{"count":69,"self":0.0009605,"total":0.026072599999999998,"children":{"GenerateSensorData":{"count":69,"self":0.0245945,"total":0.0251121,"children":{"RayPerceptionSensor.Perceive":{"count":69,"self":0.0005176,"total":0.0005176,"children":null}}}}}},"gauges":{"simpleshooter.CumulativeReward":{"count":69,"max":0,"min":0,"runningAverage":0,"value":0,"weightedAverage":0}},"metadata":{"timer_format_version":"0.1.0","start_time_seconds":"1681141130","unity_version":"2020.3.20f1","command_line_arguments":"C:\/Unity\/2020.3.20f1\/Editor\/Unity.exe -projectpath C:\\Kuliah\\Skripsi\\Environment Skripsi -useHub -hubIPC -cloudEnvironment production -licensingIpc LicenseClient-mikae -hubSessionId daf4edd0-d48f-11ed-b069-f1179741fd88","communication_protocol_version":"1.5.0","com.unity.ml-agents_version":"2.0.1","scene_name":"2v2_4x4_barebones","end_time_seconds":"1681145847"}}