{"count":1,"self":4281.2383232,"total":27774.0880753,"children":{"InitializeActuators":{"count":338008,"self":5.9970327999999995,"total":5.9970327,"children":null},"InitializeSensors":{"count":338008,"self":33.4811712,"total":33.4811714,"children":null},"AgentSendState":{"count":1769517,"self":1789.0193408,"total":3471.7167108999997,"children":{"CollectObservations":{"count":12085753,"self":462.6391552,"total":462.639159,"children":null},"WriteActionMask":{"count":12085753,"self":32.372223999999996,"total":32.3722236,"children":null},"RequestDecision":{"count":12085753,"self":150.6493952,"total":1187.6860463,"children":{"AgentInfo.ToProto":{"count":12085753,"self":107.1374336,"total":1037.0366477,"children":{"GenerateSensorData":{"count":12085753,"self":739.4475008,"total":929.8992112,"children":{"RayPerceptionSensor.Perceive":{"count":12085753,"self":190.451712,"total":190.4517123,"children":null}}}}}}}}},"DecideAction":{"count":1769517,"self":18551.4606592,"total":18551.4608329,"children":null},"AgentAct":{"count":1769517,"self":1393.7987584,"total":1430.1781916,"children":{"AgentInfo.ToProto":{"count":337974,"self":5.1200424,"total":36.3794366,"children":{"GenerateSensorData":{"count":337974,"self":25.1842608,"total":31.259394399999998,"children":{"RayPerceptionSensor.Perceive":{"count":337974,"self":6.0751336,"total":6.0751336999999994,"children":null}}}}}}},"AgentInfo.ToProto":{"count":61,"self":0,"total":0.010980799999999999,"children":{"GenerateSensorData":{"count":61,"self":0.0055081,"total":0.010980799999999999,"children":{"RayPerceptionSensor.Perceive":{"count":61,"self":0.0054727,"total":0.0054727,"children":null}}}}}},"gauges":{"simpleshooter.CumulativeReward":{"count":61,"max":0.433333337,"min":-1.86666656,"runningAverage":-0.9240436,"value":-0.866667,"weightedAverage":-1.06047142}},"metadata":{"timer_format_version":"0.1.0","start_time_seconds":"1681329684","unity_version":"2020.3.20f1","command_line_arguments":"C:\/Unity\/2020.3.20f1\/Editor\/Unity.exe -projectpath C:\\Kuliah\\Skripsi\\Environment Skripsi -useHub -hubIPC -cloudEnvironment production -licensingIpc LicenseClient-mikae -hubSessionId 6be0c180-d86d-11ed-ac7c-93738eb47467","communication_protocol_version":"1.5.0","com.unity.ml-agents_version":"2.0.1","scene_name":"2v2_6x6_training_1","end_time_seconds":"1681357458"}}