{"count":1,"self":215.4086912,"total":1233.4302724,"children":{"InitializeActuators":{"count":1009,"self":0.0171342,"total":0.0171342,"children":null},"InitializeSensors":{"count":1009,"self":0.051810499999999995,"total":0.051810499999999995,"children":null},"AgentSendState":{"count":64951,"self":83.8837696,"total":331.72200169999996,"children":{"CollectObservations":{"count":622945,"self":15.646979199999999,"total":15.6469791,"children":null},"WriteActionMask":{"count":622945,"self":1.3275103,"total":1.3275103,"children":null},"RequestDecision":{"count":622945,"self":8.9915279999999989,"total":230.8637431,"children":{"AgentInfo.ToProto":{"count":622945,"self":6.5837848,"total":221.87221549999998,"children":{"GenerateSensorData":{"count":622945,"self":207.32591359999998,"total":215.28843089999998,"children":{"RayPerceptionSensor.Perceive":{"count":622945,"self":7.96252,"total":7.9625198999999993,"children":null}}}}}}}}},"DecideAction":{"count":64951,"self":617.9971072,"total":617.9971112,"children":null},"AgentAct":{"count":64951,"self":67.6258624,"total":68.1761882,"children":{"AgentInfo.ToProto":{"count":959,"self":0.017025,"total":0.5503239,"children":{"GenerateSensorData":{"count":959,"self":0.5171547,"total":0.5332989,"children":{"RayPerceptionSensor.Perceive":{"count":959,"self":0.0161442,"total":0.0161442,"children":null}}}}}}},"AgentInfo.ToProto":{"count":159,"self":0.0020141,"total":0.055786499999999996,"children":{"GenerateSensorData":{"count":159,"self":0.050784499999999996,"total":0.0537724,"children":{"RayPerceptionSensor.Perceive":{"count":159,"self":0.0029879,"total":0.0029879,"children":null}}}}}},"gauges":{"simpleshooter.CumulativeReward":{"count":159,"max":0.8666666,"min":-2.46666574,"runningAverage":-0.8511529,"value":-1.8999995,"weightedAverage":-1.7452302}},"metadata":{"timer_format_version":"0.1.0","start_time_seconds":"1684848324","unity_version":"2021.3.25f1","command_line_arguments":"C:\\Program Files\\Unity\\Hub\\Editor\\2021.3.25f1\\Editor\\Unity.exe -projectpath C:\\Kuliah\\Skripsi\\Environment Skripsi -useHub -hubIPC -cloudEnvironment production -licensingIpc LicenseClient-mikae -hubSessionId b500d7d5-460d-454a-a2ba-4752cdeae21c","communication_protocol_version":"1.5.0","com.unity.ml-agents_version":"2.0.1","scene_name":"Environment_A","end_time_seconds":"1684849557"}}