{"count":1,"self":107.4843136,"total":1483.195493,"children":{"InitializeActuators":{"count":787,"self":0.0306538,"total":0.0306538,"children":null},"InitializeSensors":{"count":787,"self":0.17829789999999998,"total":0.17829789999999998,"children":null},"AgentInfo.ToProto":{"count":93,"self":0.0009961,"total":0.021141899999999998,"children":{"GenerateSensorData":{"count":93,"self":0.014053399999999999,"total":0.0201458,"children":{"RayPerceptionSensor.Perceive":{"count":279,"self":0.0060923999999999996,"total":0.0060923999999999996,"children":null}}}}},"AgentSendState":{"count":69084,"self":250.0617984,"total":402.7266223,"children":{"CollectObservations":{"count":636878,"self":19.1945344,"total":19.1945351,"children":null},"WriteActionMask":{"count":636878,"self":1.9925608,"total":1.9925609,"children":null},"RequestDecision":{"count":636878,"self":9.5577639999999988,"total":131.4777378,"children":{"AgentInfo.ToProto":{"count":636878,"self":7.2514351999999995,"total":121.91997389999999,"children":{"GenerateSensorData":{"count":636878,"self":86.3662976,"total":114.668539,"children":{"RayPerceptionSensor.Perceive":{"count":1910634,"self":28.302239999999998,"total":28.302239099999998,"children":null}}}}}}}}},"DecideAction":{"count":69084,"self":912.0011264,"total":912.00112319999994,"children":null},"AgentAct":{"count":69084,"self":60.591603199999994,"total":60.7507667,"children":{"AgentInfo.ToProto":{"count":735,"self":0.0170949,"total":0.1591661,"children":{"GenerateSensorData":{"count":735,"self":0.1044975,"total":0.14207119999999998,"children":{"RayPerceptionSensor.Perceive":{"count":2205,"self":0.0375737,"total":0.0375737,"children":null}}}}}}}},"gauges":{"simpleshooter.CumulativeReward":{"count":93,"max":0.799999952,"min":-2.49999928,"runningAverage":-0.337275863,"value":0.3,"weightedAverage":-1.074865}},"metadata":{"timer_format_version":"0.1.0","start_time_seconds":"1683562466","unity_version":"2020.3.20f1","command_line_arguments":"C:\/Unity\/2020.3.20f1\/Editor\/Unity.exe -projectpath C:\\Kuliah\\Skripsi\\Environment Skripsi -useHub -hubIPC -cloudEnvironment production -licensingIpc LicenseClient-mikae -hubSessionId caf19100-ed57-11ed-8fe4-99584207e90b","communication_protocol_version":"1.5.0","com.unity.ml-agents_version":"2.0.1","scene_name":"Environment_A","end_time_seconds":"1683563949"}}