{"count":1,"self":2467.8920192,"total":36030.423650799996,"children":{"InitializeActuators":{"count":7114,"self":0.2682073,"total":0.2682073,"children":null},"InitializeSensors":{"count":7114,"self":0.8339002,"total":0.8339002,"children":null},"AgentSendState":{"count":2288051,"self":3885.318144,"total":7285.9260624,"children":{"CollectObservations":{"count":27991559,"self":625.9320832,"total":625.9321086,"children":null},"WriteActionMask":{"count":27991559,"self":76.470969599999989,"total":76.47096839999999,"children":null},"RequestDecision":{"count":27991559,"self":308.65553919999996,"total":2698.2047377999997,"children":{"AgentInfo.ToProto":{"count":27991559,"self":254.6258944,"total":2389.5492076,"children":{"GenerateSensorData":{"count":27991559,"self":1694.9739519999998,"total":2134.9233219,"children":{"RayPerceptionSensor.Perceive":{"count":27991559,"self":439.9493632,"total":439.9493606,"children":null}}}}}}}}},"DecideAction":{"count":2288051,"self":23672.2683904,"total":23672.2686302,"children":null},"AgentAct":{"count":2288051,"self":2602.3792639999997,"total":2603.2000694999997,"children":{"AgentInfo.ToProto":{"count":7059,"self":0.1029225,"total":0.8209031,"children":{"GenerateSensorData":{"count":7059,"self":0.57511919999999994,"total":0.7179806,"children":{"RayPerceptionSensor.Perceive":{"count":7059,"self":0.1428614,"total":0.1428614,"children":null}}}}}}},"AgentInfo.ToProto":{"count":319,"self":0.0040165999999999995,"total":0.027166799999999998,"children":{"GenerateSensorData":{"count":319,"self":0.0165045,"total":0.0231502,"children":{"RayPerceptionSensor.Perceive":{"count":319,"self":0.0066457,"total":0.0066457,"children":null}}}}}},"gauges":{"simpleshooter.CumulativeReward":{"count":319,"max":0,"min":-2.49999952,"runningAverage":-1.612643,"value":-2.49999952,"weightedAverage":-1.97619748}},"metadata":{"timer_format_version":"0.1.0","start_time_seconds":"1683833917","unity_version":"2020.3.20f1","command_line_arguments":"C:\/Unity\/2020.3.20f1\/Editor\/Unity.exe -projectpath C:\\Kuliah\\Skripsi\\Environment Skripsi -useHub -hubIPC -cloudEnvironment production -licensingIpc LicenseClient-mikae -hubSessionId 4dfedf20-eedf-11ed-b4b8-45a655a23310","communication_protocol_version":"1.5.0","com.unity.ml-agents_version":"2.0.1","scene_name":"Environment_A","end_time_seconds":"1683869947"}}