{"count":1,"self":187.0366848,"total":1976.1091818,"children":{"InitializeActuators":{"count":17292,"self":0.35182399999999997,"total":0.35182399999999997,"children":null},"InitializeSensors":{"count":17292,"self":1.8043681999999999,"total":1.8043681999999999,"children":null},"AgentSendState":{"count":106817,"self":128.1929472,"total":282.0651622,"children":{"CollectObservations":{"count":1369435,"self":26.462191999999998,"total":26.4621912,"children":null},"WriteActionMask":{"count":1369435,"self":3.727562,"total":3.727562,"children":null},"RequestDecision":{"count":1369435,"self":16.2327536,"total":123.6824587,"children":{"AgentInfo.ToProto":{"count":1369435,"self":12.8586896,"total":107.44970529999999,"children":{"GenerateSensorData":{"count":1369435,"self":80.806912,"total":94.591015399999989,"children":{"RayPerceptionSensor.Perceive":{"count":1369435,"self":13.7841056,"total":13.784105499999999,"children":null}}}}}}}}},"DecideAction":{"count":106817,"self":1363.0116864,"total":1363.0116894,"children":null},"AgentAct":{"count":106817,"self":140.0548736,"total":141.8262062,"children":{"AgentInfo.ToProto":{"count":17220,"self":0.2775466,"total":1.7713269999999999,"children":{"GenerateSensorData":{"count":17220,"self":1.2897184,"total":1.4937804,"children":{"RayPerceptionSensor.Perceive":{"count":17220,"self":0.204062,"total":0.204062,"children":null}}}}}}},"AgentInfo.ToProto":{"count":123,"self":0.0021111999999999997,"total":0.010692499999999999,"children":{"GenerateSensorData":{"count":123,"self":0.0059783,"total":0.0085813,"children":{"RayPerceptionSensor.Perceive":{"count":123,"self":0.002603,"total":0.002603,"children":null}}}}}},"gauges":{"simpleshooter.CumulativeReward":{"count":123,"max":0.799999952,"min":-2.49999952,"runningAverage":-0.340379268,"value":-1.49999988,"weightedAverage":-1.55718541}},"metadata":{"timer_format_version":"0.1.0","start_time_seconds":"1684135954","unity_version":"2020.3.20f1","command_line_arguments":"C:\/Unity\/2020.3.20f1\/Editor\/Unity.exe -projectpath C:\\Kuliah\\Skripsi\\Environment Skripsi -useHub -hubIPC -cloudEnvironment production -licensingIpc LicenseClient-mikae -hubSessionId 6c15c800-f247-11ed-a92d-d3bf5275f487","communication_protocol_version":"1.5.0","com.unity.ml-agents_version":"2.0.1","scene_name":"Environment_A","end_time_seconds":"1684137930"}}