{"count":1,"self":230.2669056,"total":281.57350729999996,"children":{"InitializeActuators":{"count":173,"self":0.0060856999999999994,"total":0.0060856999999999994,"children":null},"InitializeSensors":{"count":173,"self":0.019035,"total":0.019035,"children":null},"AgentSendState":{"count":13811,"self":15.864057599999999,"total":47.0604456,"children":{"CollectObservations":{"count":103663,"self":2.6307115999999997,"total":2.6307115,"children":null},"WriteActionMask":{"count":103663,"self":0.3435798,"total":0.3435798,"children":null},"RequestDecision":{"count":103663,"self":26.8444704,"total":28.222096399999998,"children":{"RayPerceptionSensor.Perceive":{"count":103663,"self":1.3776260999999999,"total":1.3776260999999999,"children":null}}}}},"DecideAction":{"count":13811,"self":1.7121214,"total":1.7121214,"children":null},"AgentAct":{"count":13811,"self":2.5048296,"total":2.5069559999999997,"children":{"RayPerceptionSensor.Perceive":{"count":128,"self":0.0021263,"total":0.0021263,"children":null}}},"RayPerceptionSensor.Perceive":{"count":103,"self":0.0009993,"total":0.0009993,"children":null}},"gauges":{"simpleshooter.CumulativeReward":{"count":103,"max":0.233333349,"min":-2.49999928,"runningAverage":-0.9796113,"value":-2.19999886,"weightedAverage":-2.21380663}},"metadata":{"timer_format_version":"0.1.0","start_time_seconds":"1682952792","unity_version":"2020.3.20f1","command_line_arguments":"C:\/Unity\/2020.3.20f1\/Editor\/Unity.exe -projectpath C:\\Kuliah\\Skripsi\\Environment Skripsi -useHub -hubIPC -cloudEnvironment production -licensingIpc LicenseClient-mikae -hubSessionId 35efd460-e760-11ed-8ef0-2566643b0dcf","communication_protocol_version":"1.5.0","com.unity.ml-agents_version":"2.0.1","scene_name":"Environment_A","end_time_seconds":"1682953074"}}