{"count":1,"self":283.7821952,"total":2568.5480964,"children":{"InitializeActuators":{"count":766,"self":0.020613,"total":0.020613,"children":null},"InitializeSensors":{"count":766,"self":0.095832699999999993,"total":0.095832699999999993,"children":null},"AgentInfo.ToProto":{"count":363,"self":0.0105451,"total":0.1734981,"children":{"GenerateSensorData":{"count":363,"self":0.15742889999999998,"total":0.162953,"children":{"RayPerceptionSensor.Perceive":{"count":363,"self":0.0055241,"total":0.0055241,"children":null}}}}},"AgentSendState":{"count":109784,"self":117.28596479999999,"total":922.625807,"children":{"CollectObservations":{"count":1293372,"self":185.40127999999999,"total":185.4012784,"children":null},"WriteActionMask":{"count":1293372,"self":4.443314,"total":4.4433139,"children":null},"RequestDecision":{"count":1293372,"self":19.10492,"total":615.49524409999992,"children":{"AgentInfo.ToProto":{"count":1293372,"self":17.807911999999998,"total":596.390324,"children":{"GenerateSensorData":{"count":1293372,"self":565.3163008,"total":578.5824117,"children":{"RayPerceptionSensor.Perceive":{"count":1293372,"self":13.266116,"total":13.266115899999999,"children":null}}}}}}}}},"DecideAction":{"count":109784,"self":1209.1313152,"total":1209.1312652,"children":null},"AgentAct":{"count":109784,"self":152.1727232,"total":152.7168739,"children":{"AgentInfo.ToProto":{"count":714,"self":0.0240392,"total":0.54414509999999994,"children":{"GenerateSensorData":{"count":714,"self":0.5130665,"total":0.5201059,"children":{"RayPerceptionSensor.Perceive":{"count":714,"self":0.0070393999999999995,"total":0.0070393999999999995,"children":null}}}}}}}},"gauges":{"simpleshooter.CumulativeReward":{"count":363,"max":0.5999999,"min":-2.433333,"runningAverage":-1.05528021,"value":-1.26666677,"weightedAverage":-1.19034052}},"metadata":{"timer_format_version":"0.1.0","start_time_seconds":"1684087826","unity_version":"2020.3.20f1","command_line_arguments":"C:\/Unity\/2020.3.20f1\/Editor\/Unity.exe -projectpath C:\\Kuliah\\Skripsi\\Environment Skripsi -useHub -hubIPC -cloudEnvironment production -licensingIpc LicenseClient-mikae -hubSessionId 6c15c800-f247-11ed-a92d-d3bf5275f487","communication_protocol_version":"1.5.0","com.unity.ml-agents_version":"2.0.1","scene_name":"Environment_A","end_time_seconds":"1684090394"}}