{"count":1,"self":12842.8171264,"total":66240.5657204,"children":{"InitializeActuators":{"count":824010,"self":15.769107199999999,"total":15.7691065,"children":null},"InitializeSensors":{"count":824010,"self":33.5567072,"total":33.556706399999996,"children":null},"AgentSendState":{"count":3349601,"self":4124.89728,"total":6962.0706348999993,"children":{"CollectObservations":{"count":41797540,"self":653.307904,"total":653.3078799,"children":null},"WriteActionMask":{"count":41797540,"self":69.8963136,"total":69.8963133,"children":null},"RequestDecision":{"count":41797540,"self":503.4102784,"total":2113.9693248,"children":{"AgentInfo.ToProto":{"count":41797540,"self":238.8214784,"total":1610.5590711999998,"children":{"GenerateSensorData":{"count":41797540,"self":1011.78112,"total":1371.7375906,"children":{"RayPerceptionSensor.Perceive":{"count":41797540,"self":359.95648,"total":359.9564823,"children":null}}}}}}}}},"DecideAction":{"count":3349601,"self":41341.517823999995,"total":41341.518108699995,"children":null},"AgentAct":{"count":3349601,"self":4999.092224,"total":5044.8196338,"children":{"AgentInfo.ToProto":{"count":823948,"self":9.3701416,"total":45.7273662,"children":{"GenerateSensorData":{"count":823948,"self":27.5731744,"total":36.3572244,"children":{"RayPerceptionSensor.Perceive":{"count":823948,"self":8.7840512,"total":8.7840511,"children":null}}}}}}},"AgentInfo.ToProto":{"count":228,"self":0.0010496,"total":0.0110904,"children":{"GenerateSensorData":{"count":228,"self":0.0050355,"total":0.010040799999999999,"children":{"RayPerceptionSensor.Perceive":{"count":228,"self":0.0050053,"total":0.0050053,"children":null}}}}}},"gauges":{"simpleshooter.CumulativeReward":{"count":228,"max":0.5333333,"min":-2.49999952,"runningAverage":-1.25906408,"value":-1.5,"weightedAverage":-1.18567455}},"metadata":{"timer_format_version":"0.1.0","start_time_seconds":"1684605814","unity_version":"2021.3.25f1","command_line_arguments":"C:\\Program Files\\Unity\\Hub\\Editor\\2021.3.25f1\\Editor\\Unity.exe -projectpath C:\\Kuliah\\Skripsi\\Environment Skripsi -useHub -hubIPC -cloudEnvironment production -licensingIpc LicenseClient-mikae -hubSessionId d38f395f-a2cd-44c5-b8b1-ace73461457d","communication_protocol_version":"1.5.0","com.unity.ml-agents_version":"2.0.1","scene_name":"Environment_A","end_time_seconds":"1684672055"}}