{"count":1,"self":1045.392896,"total":14289.053328999998,"children":{"InitializeActuators":{"count":67686,"self":2.2137378,"total":2.2137378,"children":null},"InitializeSensors":{"count":67686,"self":7.036104,"total":7.036104,"children":null},"AgentSendState":{"count":645767,"self":973.988352,"total":1718.0116861,"children":{"CollectObservations":{"count":5849588,"self":109.96540159999999,"total":109.96540259999999,"children":null},"WriteActionMask":{"count":5849588,"self":16.7094688,"total":16.7094682,"children":null},"RequestDecision":{"count":5849588,"self":72.377363199999991,"total":617.3485128,"children":{"AgentInfo.ToProto":{"count":5849588,"self":57.9193408,"total":544.97115009999993,"children":{"GenerateSensorData":{"count":5849588,"self":388.0810752,"total":487.0518118,"children":{"RayPerceptionSensor.Perceive":{"count":5849588,"self":98.9707456,"total":98.97074649999999,"children":null}}}}}}}}},"DecideAction":{"count":645767,"self":10728.8928256,"total":10728.892874899999,"children":null},"AgentAct":{"count":645767,"self":779.5702272,"total":787.4963859,"children":{"AgentInfo.ToProto":{"count":67646,"self":1.1749021,"total":7.9261342999999993,"children":{"GenerateSensorData":{"count":67646,"self":5.49149,"total":6.7512322,"children":{"RayPerceptionSensor.Perceive":{"count":67646,"self":1.2597422,"total":1.2597422,"children":null}}}}}}},"AgentInfo.ToProto":{"count":50,"self":0.0009964,"total":0.0055737,"children":{"GenerateSensorData":{"count":50,"self":0.0040392,"total":0.0045772999999999994,"children":{"RayPerceptionSensor.Perceive":{"count":50,"self":0.0005381,"total":0.0005381,"children":null}}}}}},"gauges":{"simpleshooter.CumulativeReward":{"count":50,"max":0.799999952,"min":-0.13333334,"runningAverage":0.2746667,"value":0.366666675,"weightedAverage":0.279877126}},"metadata":{"timer_format_version":"0.1.0","start_time_seconds":"1682660264","unity_version":"2020.3.20f1","command_line_arguments":"C:\/Unity\/2020.3.20f1\/Editor\/Unity.exe -projectpath C:\\Kuliah\\Skripsi\\Environment Skripsi -useHub -hubIPC -cloudEnvironment production -licensingIpc LicenseClient-mikae -hubSessionId 122002c0-e414-11ed-b679-0da14657ab05","communication_protocol_version":"1.5.0","com.unity.ml-agents_version":"2.0.1","scene_name":"Environment_A","end_time_seconds":"1682674553"}}