{"count":1,"self":638.6819584,"total":7660.7323383999992,"children":{"InitializeActuators":{"count":3483,"self":0.1181039,"total":0.1181039,"children":null},"InitializeSensors":{"count":3483,"self":0.4341155,"total":0.4341155,"children":null},"AgentSendState":{"count":462501,"self":776.8850944,"total":1387.9333445999998,"children":{"CollectObservations":{"count":4913647,"self":104.21346559999999,"total":104.21346299999999,"children":null},"WriteActionMask":{"count":4913647,"self":14.002023999999999,"total":14.0020242,"children":null},"RequestDecision":{"count":4913647,"self":55.371129599999996,"total":492.8327425,"children":{"AgentInfo.ToProto":{"count":4913647,"self":45.918336,"total":437.4616101,"children":{"GenerateSensorData":{"count":4913647,"self":308.54484479999996,"total":391.54327359999996,"children":{"RayPerceptionSensor.Perceive":{"count":4913647,"self":82.9984192,"total":82.9984175,"children":null}}}}}}}}},"DecideAction":{"count":462501,"self":5056.9412607999993,"total":5056.9411316999995,"children":null},"AgentAct":{"count":462501,"self":576.18739199999993,"total":576.5932074,"children":{"AgentInfo.ToProto":{"count":3432,"self":0.0549614,"total":0.4058365,"children":{"GenerateSensorData":{"count":3432,"self":0.2717772,"total":0.3508751,"children":{"RayPerceptionSensor.Perceive":{"count":3432,"self":0.0790979,"total":0.0790979,"children":null}}}}}}},"AgentInfo.ToProto":{"count":235,"self":0.0055485,"total":0.027450099999999998,"children":{"GenerateSensorData":{"count":235,"self":0.0167245,"total":0.0219016,"children":{"RayPerceptionSensor.Perceive":{"count":235,"self":0.0051771,"total":0.0051771,"children":null}}}}}},"gauges":{"simpleshooter.CumulativeReward":{"count":235,"max":0.8666666,"min":-1.733333,"runningAverage":-0.190780133,"value":-0.4,"weightedAverage":-0.3525594}},"metadata":{"timer_format_version":"0.1.0","start_time_seconds":"1683279679","unity_version":"2020.3.20f1","command_line_arguments":"C:\/Unity\/2020.3.20f1\/Editor\/Unity.exe -projectpath C:\\Kuliah\\Skripsi\\Environment Skripsi -useHub -hubIPC -cloudEnvironment production -licensingIpc LicenseClient-mikae -hubSessionId f7d6a7f0-eb04-11ed-a4d9-2de59de10433","communication_protocol_version":"1.5.0","com.unity.ml-agents_version":"2.0.1","scene_name":"Environment_A","end_time_seconds":"1683287340"}}