{"count":1,"self":22900.850688,"total":28770.057351299998,"children":{"InitializeActuators":{"count":174413,"self":0.81959609999999994,"total":0.81959609999999994,"children":null},"InitializeSensors":{"count":174413,"self":1.4474676,"total":1.4474676,"children":null},"AgentSendState":{"count":1438272,"self":1746.1188608,"total":1952.4728016,"children":{"CollectObservations":{"count":30479498,"self":182.07975679999998,"total":182.0797598,"children":null},"WriteActionMask":{"count":30479498,"self":9.1824871999999989,"total":9.1824871999999989,"children":null},"RequestDecision":{"count":30479498,"self":15.0916768,"total":15.0916774,"children":null}}},"DecideAction":{"count":1438272,"self":1606.2520319999999,"total":1768.5511276,"children":{"RayPerceptionSensor.Perceive":{"count":30480973,"self":162.29914879999998,"total":162.2991434,"children":null}}},"AgentAct":{"count":1438258,"self":2145.9144704,"total":2145.9143743,"children":null}},"gauges":{"simpleshooter.CumulativeReward":{"count":337,"max":0.7333333,"min":-0.400000423,"runningAverage":0.0850642845,"value":0.200000018,"weightedAverage":0.246888667}},"metadata":{"timer_format_version":"0.1.0","start_time_seconds":"1685105990","unity_version":"2021.3.25f1","command_line_arguments":"C:\\Program Files\\Unity\\Hub\\Editor\\2021.3.25f1\\Editor\\Unity.exe -projectpath D:\\INFORMATIKA\\C14190218\\Skripsi\\SkripsiMikaelHansC14190218 -useHub -hubIPC -cloudEnvironment production -licensingIpc LicenseClient-c1419 -hubSessionId d7c241ce-3d02-4690-aca1-4dc625ba5121 -accessToken 8Zn24E3aSpOrJpxsNfqOq_HXqy0ljuTQzrzK5pBOwtA002f","communication_protocol_version":"1.5.0","com.unity.ml-agents_version":"2.0.1","scene_name":"Environment_A","end_time_seconds":"1685134760"}}