{"count":1,"self":1588.8991231999998,"total":28427.3205316,"children":{"InitializeActuators":{"count":12150,"self":0.43751409999999996,"total":0.43751409999999996,"children":null},"InitializeSensors":{"count":12150,"self":2.465224,"total":2.465224,"children":null},"AgentSendState":{"count":1285134,"self":4991.6768256,"total":7944.3059465999995,"children":{"CollectObservations":{"count":12793680,"self":340.55477759999997,"total":340.5547752,"children":null},"WriteActionMask":{"count":12793680,"self":37.6232544,"total":37.6232537,"children":null},"RequestDecision":{"count":12793680,"self":181.57763839999998,"total":2574.450959,"children":{"AgentInfo.ToProto":{"count":12793680,"self":133.3097344,"total":2392.8733165,"children":{"GenerateSensorData":{"count":12793680,"self":1671.2349695999999,"total":2259.5635865,"children":{"RayPerceptionSensor.Perceive":{"count":38381040,"self":588.3286528,"total":588.3286491,"children":null}}}}}}}}},"DecideAction":{"count":1285134,"self":17584.167321599998,"total":17584.1676172,"children":null},"AgentAct":{"count":1285134,"self":1304.2480128,"total":1306.9994789999998,"children":{"AgentInfo.ToProto":{"count":12099,"self":0.2436024,"total":2.7515004,"children":{"GenerateSensorData":{"count":12099,"self":1.8939063999999999,"total":2.507898,"children":{"RayPerceptionSensor.Perceive":{"count":36297,"self":0.61399169999999992,"total":0.61399169999999992,"children":null}}}}}}},"AgentInfo.ToProto":{"count":192,"self":0.0051858999999999994,"total":0.042651,"children":{"GenerateSensorData":{"count":192,"self":0.029002499999999997,"total":0.0374651,"children":{"RayPerceptionSensor.Perceive":{"count":576,"self":0.0084625999999999989,"total":0.0084625999999999989,"children":null}}}}}},"gauges":{"simpleshooter.CumulativeReward":{"count":192,"max":0.799999952,"min":-2.49999952,"runningAverage":-1.46545041,"value":-2.433332,"weightedAverage":-2.03850722}},"metadata":{"timer_format_version":"0.1.0","start_time_seconds":"1683580853","unity_version":"2020.3.20f1","command_line_arguments":"C:\/Unity\/2020.3.20f1\/Editor\/Unity.exe -projectpath C:\\Kuliah\\Skripsi\\Environment Skripsi -useHub -hubIPC -cloudEnvironment production -licensingIpc LicenseClient-mikae -hubSessionId caf19100-ed57-11ed-8fe4-99584207e90b","communication_protocol_version":"1.5.0","com.unity.ml-agents_version":"2.0.1","scene_name":"Environment_A","end_time_seconds":"1683609280"}}