{"count":1,"self":29.993008,"total":227.00472299999998,"children":{"InitializeActuators":{"count":600,"self":0.0228045,"total":0.0228045,"children":null},"InitializeSensors":{"count":600,"self":0.0651136,"total":0.0651136,"children":null},"AgentSendState":{"count":26367,"self":8.610104,"total":15.915790099999999,"children":{"CollectObservations":{"count":53884,"self":1.3553024,"total":1.3553024,"children":null},"WriteActionMask":{"count":53884,"self":0.17787909999999998,"total":0.17787909999999998,"children":null},"RequestDecision":{"count":53884,"self":0.64855489999999993,"total":5.7725048,"children":{"AgentInfo.ToProto":{"count":53884,"self":0.5821564,"total":5.1239498999999995,"children":{"GenerateSensorData":{"count":53884,"self":3.6223804,"total":4.5417935,"children":{"RayPerceptionSensor.Perceive":{"count":53884,"self":0.91941299999999992,"total":0.91941299999999992,"children":null}}}}}}}}},"DecideAction":{"count":26367,"self":174.4911104,"total":174.49110679999998,"children":null},"AgentAct":{"count":26367,"self":6.4322684,"total":6.5108923,"children":{"AgentInfo.ToProto":{"count":593,"self":0.01056,"total":0.0786238,"children":{"GenerateSensorData":{"count":593,"self":0.0555477,"total":0.0680638,"children":{"RayPerceptionSensor.Perceive":{"count":593,"self":0.012516099999999999,"total":0.012516099999999999,"children":null}}}}}}},"AgentInfo.ToProto":{"count":22,"self":0.0010016,"total":0.0030033,"children":{"GenerateSensorData":{"count":22,"self":0.0009976,"total":0.0020017,"children":{"RayPerceptionSensor.Perceive":{"count":22,"self":0.0010041,"total":0.0010041,"children":null}}}}}},"gauges":{"simpleshooter.CumulativeReward":{"count":22,"max":0.799999952,"min":0,"runningAverage":0.203030288,"value":0.366666675,"weightedAverage":0.397908181}},"metadata":{"timer_format_version":"0.1.0","start_time_seconds":"1683455246","unity_version":"2020.3.20f1","command_line_arguments":"C:\/Unity\/2020.3.20f1\/Editor\/Unity.exe -projectpath C:\\Kuliah\\Skripsi\\Environment Skripsi -useHub -hubIPC -cloudEnvironment production -licensingIpc LicenseClient-mikae -hubSessionId f7d6a7f0-eb04-11ed-a4d9-2de59de10433","communication_protocol_version":"1.5.0","com.unity.ml-agents_version":"2.0.1","scene_name":"Environment_A","end_time_seconds":"1683455472"}}