{"count":1,"self":890.23150079999994,"total":5780.1683767999994,"children":{"InitializeActuators":{"count":2582,"self":0.0588977,"total":0.0588977,"children":null},"InitializeSensors":{"count":2582,"self":0.26814499999999997,"total":0.26814499999999997,"children":null},"AgentSendState":{"count":226051,"self":365.21328639999996,"total":1696.0896874999999,"children":{"CollectObservations":{"count":3476657,"self":976.114688,"total":976.11469909999994,"children":null},"WriteActionMask":{"count":3476657,"self":11.5909008,"total":11.590900699999999,"children":null},"RequestDecision":{"count":3476657,"self":47.8309888,"total":343.1708126,"children":{"AgentInfo.ToProto":{"count":3476657,"self":36.620057599999996,"total":295.3398224,"children":{"GenerateSensorData":{"count":3476657,"self":221.42097919999998,"total":258.7197637,"children":{"RayPerceptionSensor.Perceive":{"count":3476657,"self":37.2987776,"total":37.298778399999996,"children":null}}}}}}}}},"DecideAction":{"count":226051,"self":2834.976768,"total":2834.9768466,"children":null},"AgentAct":{"count":226051,"self":358.2611712,"total":358.518536,"children":{"AgentInfo.ToProto":{"count":2523,"self":0.0450399,"total":0.2573667,"children":{"GenerateSensorData":{"count":2523,"self":0.1719289,"total":0.21232679999999998,"children":{"RayPerceptionSensor.Perceive":{"count":2523,"self":0.0403979,"total":0.0403979,"children":null}}}}}}},"AgentInfo.ToProto":{"count":272,"self":0.0045685,"total":0.0221419,"children":{"GenerateSensorData":{"count":272,"self":0.0175734,"total":0.0175734,"children":{"RayPerceptionSensor.Perceive":{"count":272,"self":0,"total":0,"children":null}}}}}},"gauges":{"simpleshooter.CumulativeReward":{"count":272,"max":0.8666666,"min":-2.49999881,"runningAverage":-0.198284253,"value":-0.06666667,"weightedAverage":-0.0581159219}},"metadata":{"timer_format_version":"0.1.0","start_time_seconds":"1684227541","unity_version":"2020.3.20f1","command_line_arguments":"C:\/Unity\/2020.3.20f1\/Editor\/Unity.exe -projectpath C:\\Kuliah\\Skripsi\\Environment Skripsi -useHub -hubIPC -cloudEnvironment production -licensingIpc LicenseClient-mikae -hubSessionId 3305f7e0-f3b6-11ed-92e7-050c7ca7b54c","communication_protocol_version":"1.5.0","com.unity.ml-agents_version":"2.0.1","scene_name":"Environment_A","end_time_seconds":"1684233321"}}