{"count":1,"self":3406.0001279999997,"total":88614.82512519999,"children":{"InitializeActuators":{"count":1374001,"self":6.6475952,"total":6.6475950999999993,"children":null},"InitializeSensors":{"count":1374001,"self":17.1811056,"total":17.181105,"children":null},"AgentInfo.ToProto":{"count":296,"self":0,"total":0.0089969,"children":{"GenerateSensorData":{"count":296,"self":0.0079966,"total":0.0089969,"children":{"RayPerceptionSensor.Perceive":{"count":888,"self":0.0010003,"total":0.0010003,"children":null}}}}},"AgentSendState":{"count":5945617,"self":13355.147264,"total":16226.490216299999,"children":{"CollectObservations":{"count":134967188,"self":713.711872,"total":713.7118567,"children":null},"WriteActionMask":{"count":134967188,"self":22.6046208,"total":22.6046214,"children":null},"RequestDecision":{"count":134967188,"self":152.7868416,"total":2135.0262591,"children":{"AgentInfo.ToProto":{"count":134967188,"self":90.2929664,"total":1982.2394164,"children":{"GenerateSensorData":{"count":134967188,"self":1212.7004672,"total":1891.946448,"children":{"RayPerceptionSensor.Perceive":{"count":404901564,"self":679.24592639999992,"total":679.24593659999994,"children":null}}}}}}}}},"DecideAction":{"count":5945617,"self":62312.035123199996,"total":62312.037433599995,"children":null},"AgentAct":{"count":5945617,"self":6619.7315584,"total":6646.4596635,"children":{"AgentInfo.ToProto":{"count":1373878,"self":2.3067552,"total":26.728302199999998,"children":{"GenerateSensorData":{"count":1373878,"self":15.972311999999999,"total":24.421547,"children":{"RayPerceptionSensor.Perceive":{"count":4121634,"self":8.4492352,"total":8.449235,"children":null}}}}}}}},"gauges":{"simpleshooter.CumulativeReward":{"count":296,"max":0.799999952,"min":-0.7666668,"runningAverage":0.155067533,"value":-0.06666667,"weightedAverage":0.07464714}},"metadata":{"timer_format_version":"0.1.0","start_time_seconds":"1684481245","unity_version":"2021.3.25f1","command_line_arguments":"C:\\Program Files\\Unity\\Hub\\Editor\\2021.3.25f1\\Editor\\Unity.exe","communication_protocol_version":"1.5.0","com.unity.ml-agents_version":"2.0.1","scene_name":"Environment_A","end_time_seconds":"1684569860"}}