{"count":1,"self":1020.5932544,"total":6057.4786815,"children":{"InitializeActuators":{"count":66748,"self":1.2637587,"total":1.2637587,"children":null},"InitializeSensors":{"count":66748,"self":6.7679696,"total":6.7679694999999995,"children":null},"AgentSendState":{"count":214717,"self":309.8133504,"total":1382.4798019,"children":{"CollectObservations":{"count":2902251,"self":776.8928768,"total":776.89288279999994,"children":null},"WriteActionMask":{"count":2902251,"self":9.7083736,"total":9.7083737,"children":null},"RequestDecision":{"count":2902251,"self":41.1294112,"total":286.0652033,"children":{"AgentInfo.ToProto":{"count":2902251,"self":31.4990016,"total":244.9357909,"children":{"GenerateSensorData":{"count":2902251,"self":184.5195904,"total":213.43679039999998,"children":{"RayPerceptionSensor.Perceive":{"count":2902251,"self":28.917193599999997,"total":28.9171943,"children":null}}}}}}}}},"DecideAction":{"count":214717,"self":3305.6638976,"total":3305.6639863,"children":null},"AgentAct":{"count":214717,"self":333.9314688,"total":340.7028132,"children":{"AgentInfo.ToProto":{"count":66677,"self":1.0647039999999999,"total":6.7713342,"children":{"GenerateSensorData":{"count":66677,"self":4.9009744,"total":5.7066301999999993,"children":{"RayPerceptionSensor.Perceive":{"count":66677,"self":0.8056557,"total":0.8056557,"children":null}}}}}}},"AgentInfo.ToProto":{"count":125,"self":0.0019987,"total":0.0070478999999999993,"children":{"GenerateSensorData":{"count":125,"self":0.0040503,"total":0.0050491999999999993,"children":{"RayPerceptionSensor.Perceive":{"count":125,"self":0.0009989,"total":0.0009989,"children":null}}}}}},"gauges":{"simpleshooter.CumulativeReward":{"count":125,"max":0.8666666,"min":-2.49999952,"runningAverage":-0.40506655,"value":-0.4,"weightedAverage":-1.20113}},"metadata":{"timer_format_version":"0.1.0","start_time_seconds":"1684221441","unity_version":"2020.3.20f1","command_line_arguments":"C:\/Unity\/2020.3.20f1\/Editor\/Unity.exe -projectpath C:\\Kuliah\\Skripsi\\Environment Skripsi -useHub -hubIPC -cloudEnvironment production -licensingIpc LicenseClient-mikae -hubSessionId 3305f7e0-f3b6-11ed-92e7-050c7ca7b54c","communication_protocol_version":"1.5.0","com.unity.ml-agents_version":"2.0.1","scene_name":"Environment_A","end_time_seconds":"1684227498"}}