{"count":1,"self":3414.5916927999997,"total":32164.7092331,"children":{"InitializeActuators":{"count":24,"self":0.003957,"total":0.003957,"children":null},"InitializeSensors":{"count":24,"self":0.0039829999999999996,"total":0.0039829999999999996,"children":null},"AgentSendState":{"count":3689567,"self":2138.2531071999997,"total":4037.4796454999996,"children":{"CollectObservations":{"count":17711016,"self":394.98498559999996,"total":394.9849801,"children":null},"WriteActionMask":{"count":17711016,"self":44.2411136,"total":44.241115099999995,"children":null},"RequestDecision":{"count":17711016,"self":185.9921408,"total":1460.0004061,"children":{"AgentInfo.ToProto":{"count":17711016,"self":151.8447104,"total":1274.0082608999999,"children":{"GenerateSensorData":{"count":17711016,"self":933.7326592,"total":1122.1635443999999,"children":{"RayPerceptionSensor.Perceive":{"count":17711016,"self":188.43092479999999,"total":188.43092,"children":null}}}}}}}}},"DecideAction":{"count":3689567,"self":22505.275392,"total":22505.276025,"children":null},"AgentAct":{"count":3689567,"self":2182.0456959999997,"total":2182.0457361,"children":null},"AgentInfo.ToProto":{"count":307754,"self":3.6238827999999996,"total":25.3071822,"children":{"GenerateSensorData":{"count":307754,"self":18.221921599999998,"total":21.683299299999998,"children":{"RayPerceptionSensor.Perceive":{"count":307754,"self":3.4613783999999996,"total":3.4613782,"children":null}}}}}},"gauges":{"simpleshooter.CumulativeReward":{"count":307754,"max":885.4911,"min":-1206.00012,"runningAverage":-157.996857,"value":-143.900269,"weightedAverage":-86.86714}},"metadata":{"timer_format_version":"0.1.0","start_time_seconds":"1679326918","unity_version":"2020.3.20f1","command_line_arguments":"C:\/Unity\/2020.3.20f1\/Editor\/Unity.exe -projectpath C:\\Kuliah\\Skripsi\\Environment Skripsi -useHub -hubIPC -cloudEnvironment production -licensingIpc LicenseClient-mikae -hubSessionId 3dfde770-c729-11ed-ac5b-6dc793ca9080","communication_protocol_version":"1.5.0","com.unity.ml-agents_version":"2.0.1","scene_name":"Main","end_time_seconds":"1679359083"}}