{
    "name": "root",
    "gauges": {
        "simpleshooter.Policy.Entropy.mean": {
            "value": 5.138755798339844,
            "min": 3.9942150115966797,
            "max": 5.312883377075195,
            "count": 350
        },
        "simpleshooter.Policy.Entropy.sum": {
            "value": 89712.3984375,
            "min": 15656.033203125,
            "max": 186591.734375,
            "count": 350
        },
        "simpleshooter.Environment.EpisodeLength.mean": {
            "value": 68.14893617021276,
            "min": 19.4822695035461,
            "max": 581.8260869565217,
            "count": 350
        },
        "simpleshooter.Environment.EpisodeLength.sum": {
            "value": 19218.0,
            "min": 2747.0,
            "max": 28268.0,
            "count": 350
        },
        "simpleshooter.Step.mean": {
            "value": 15299926.0,
            "min": 11809992.0,
            "max": 15299926.0,
            "count": 350
        },
        "simpleshooter.Step.sum": {
            "value": 15299926.0,
            "min": 11809992.0,
            "max": 15299926.0,
            "count": 350
        },
        "simpleshooter.Policy.ExtrinsicBaselineEstimate.mean": {
            "value": 0.2821113169193268,
            "min": -0.013139929622411728,
            "max": 0.6025869250297546,
            "count": 350
        },
        "simpleshooter.Policy.ExtrinsicBaselineEstimate.sum": {
            "value": 34.417579650878906,
            "min": -2.5769824981689453,
            "max": 106.0552978515625,
            "count": 350
        },
        "simpleshooter.Policy.ExtrinsicValueEstimate.mean": {
            "value": 0.2821113169193268,
            "min": -0.013139929622411728,
            "max": 0.6025869250297546,
            "count": 350
        },
        "simpleshooter.Policy.ExtrinsicValueEstimate.sum": {
            "value": 34.417579650878906,
            "min": -2.5769824981689453,
            "max": 106.0552978515625,
            "count": 350
        },
        "simpleshooter.Policy.CuriosityBaselineEstimate.mean": {
            "value": 0.8660528659820557,
            "min": 0.09200870245695114,
            "max": 1.045902132987976,
            "count": 350
        },
        "simpleshooter.Policy.CuriosityBaselineEstimate.sum": {
            "value": 105.658447265625,
            "min": 10.826184272766113,
            "max": 240.5574951171875,
            "count": 350
        },
        "simpleshooter.Policy.CuriosityValueEstimate.mean": {
            "value": 0.8660528659820557,
            "min": 0.09200870245695114,
            "max": 1.045902132987976,
            "count": 350
        },
        "simpleshooter.Policy.CuriosityValueEstimate.sum": {
            "value": 105.658447265625,
            "min": 10.826184272766113,
            "max": 240.5574951171875,
            "count": 350
        },
        "simpleshooter.Environment.CumulativeReward.mean": {
            "value": 0.5000000117865743,
            "min": 0.09809523895382881,
            "max": 1.4462963066374261,
            "count": 350
        },
        "simpleshooter.Environment.CumulativeReward.sum": {
            "value": 61.000001437962055,
            "min": 2.8333333656191826,
            "max": 104.13333407789469,
            "count": 350
        },
        "simpleshooter.Policy.ExtrinsicReward.mean": {
            "value": 0.5000000117865743,
            "min": 0.139341086582389,
            "max": 4.030952451378107,
            "count": 350
        },
        "simpleshooter.Policy.ExtrinsicReward.sum": {
            "value": 61.000001437962055,
            "min": 2.8333333656191826,
            "max": 282.1666715964675,
            "count": 350
        },
        "simpleshooter.Policy.CuriosityReward.mean": {
            "value": 0.5553430939001627,
            "min": 0.0,
            "max": 3.6208608387546106,
            "count": 350
        },
        "simpleshooter.Policy.CuriosityReward.sum": {
            "value": 67.75185745581985,
            "min": 0.0,
            "max": 138.30372774228454,
            "count": 350
        },
        "simpleshooter.Environment.GroupCumulativeReward.mean": {
            "value": 0.0,
            "min": 0.0,
            "max": 3.4692982627372992,
            "count": 350
        },
        "simpleshooter.Environment.GroupCumulativeReward.sum": {
            "value": 0.0,
            "min": 0.0,
            "max": 197.75000097602606,
            "count": 350
        },
        "simpleshooter.Self-play.ELO.mean": {
            "value": 1233.4217599458532,
            "min": 1221.598629110015,
            "max": 1234.9121505336893,
            "count": 350
        },
        "simpleshooter.Self-play.ELO.sum": {
            "value": 150477.45471339408,
            "min": 13501.126525146545,
            "max": 312239.7197939755,
            "count": 350
        },
        "simpleshooter.IsTraining.mean": {
            "value": 1.0,
            "min": 1.0,
            "max": 1.0,
            "count": 350
        },
        "simpleshooter.IsTraining.sum": {
            "value": 1.0,
            "min": 1.0,
            "max": 1.0,
            "count": 350
        },
        "simpleshooter.Losses.PolicyLoss.mean": {
            "value": 0.017434953654689403,
            "min": 0.010562595053731154,
            "max": 0.027059936570003627,
            "count": 169
        },
        "simpleshooter.Losses.PolicyLoss.sum": {
            "value": 0.017434953654689403,
            "min": 0.010562595053731154,
            "max": 0.027059936570003627,
            "count": 169
        },
        "simpleshooter.Losses.ValueLoss.mean": {
            "value": 0.013649301044642926,
            "min": 0.003593666742866238,
            "max": 0.9539164394140244,
            "count": 169
        },
        "simpleshooter.Losses.ValueLoss.sum": {
            "value": 0.013649301044642926,
            "min": 0.003593666742866238,
            "max": 0.9539164394140244,
            "count": 169
        },
        "simpleshooter.Losses.BaselineLoss.mean": {
            "value": 0.013649303869654735,
            "min": 0.003593666742866238,
            "max": 1.7306967854499817,
            "count": 169
        },
        "simpleshooter.Losses.BaselineLoss.sum": {
            "value": 0.013649303869654735,
            "min": 0.003593666742866238,
            "max": 1.7306967854499817,
            "count": 169
        },
        "simpleshooter.Policy.LearningRate.mean": {
            "value": 0.0003,
            "min": 0.0003,
            "max": 0.0003,
            "count": 169
        },
        "simpleshooter.Policy.LearningRate.sum": {
            "value": 0.0003,
            "min": 0.0003,
            "max": 0.0003,
            "count": 169
        },
        "simpleshooter.Policy.Epsilon.mean": {
            "value": 0.20000000000000007,
            "min": 0.20000000000000007,
            "max": 0.20000000000000007,
            "count": 169
        },
        "simpleshooter.Policy.Epsilon.sum": {
            "value": 0.20000000000000007,
            "min": 0.20000000000000007,
            "max": 0.20000000000000007,
            "count": 169
        },
        "simpleshooter.Policy.Beta.mean": {
            "value": 0.005000000000000001,
            "min": 0.005000000000000001,
            "max": 0.005000000000000001,
            "count": 169
        },
        "simpleshooter.Policy.Beta.sum": {
            "value": 0.005000000000000001,
            "min": 0.005000000000000001,
            "max": 0.005000000000000001,
            "count": 169
        },
        "simpleshooter.Losses.CuriosityForwardLoss.mean": {
            "value": 0.3290663629770279,
            "min": 0.18598616073528926,
            "max": 0.3911494970321655,
            "count": 169
        },
        "simpleshooter.Losses.CuriosityForwardLoss.sum": {
            "value": 0.3290663629770279,
            "min": 0.18598616073528926,