{
    "name": "root",
    "gauges": {
        "simpleshooter.Policy.Entropy.mean": {
            "value": 2.824648141860962,
            "min": 2.5137643814086914,
            "max": 2.960703134536743,
            "count": 165
        },
        "simpleshooter.Policy.Entropy.sum": {
            "value": 39437.73828125,
            "min": 8144.578125,
            "max": 186096.078125,
            "count": 165
        },
        "simpleshooter.Environment.EpisodeLength.mean": {
            "value": 1568.125,
            "min": 47.95774647887324,
            "max": 3361.5,
            "count": 165
        },
        "simpleshooter.Environment.EpisodeLength.sum": {
            "value": 25090.0,
            "min": 622.0,
            "max": 50562.0,
            "count": 165
        },
        "simpleshooter.Self-play.ELO.mean": {
            "value": 1214.4357278403545,
            "min": 1214.4357278403545,
            "max": 1214.4357278403547,
            "count": 162
        },
        "simpleshooter.Self-play.ELO.sum": {
            "value": 9715.485822722836,
            "min": 1214.4357278403545,
            "max": 64365.0935755388,
            "count": 162
        },
        "simpleshooter.Step.mean": {
            "value": 3189281.0,
            "min": 1509589.0,
            "max": 3189281.0,
            "count": 169
        },
        "simpleshooter.Step.sum": {
            "value": 3189281.0,
            "min": 1509589.0,
            "max": 3189281.0,
            "count": 169
        },
        "simpleshooter.Policy.ExtrinsicBaselineEstimate.mean": {
            "value": 0.024618899449706078,
            "min": -0.014224829152226448,
            "max": 0.8133113980293274,
            "count": 169
        },
        "simpleshooter.Policy.ExtrinsicBaselineEstimate.sum": {
            "value": 0.344664603471756,
            "min": -0.18274107575416565,
            "max": 49.561248779296875,
            "count": 169
        },
        "simpleshooter.Policy.ExtrinsicValueEstimate.mean": {
            "value": 0.024618899449706078,
            "min": -0.014224829152226448,
            "max": 0.8039124608039856,
            "count": 169
        },
        "simpleshooter.Policy.ExtrinsicValueEstimate.sum": {
            "value": 0.344664603471756,
            "min": -0.18274107575416565,
            "max": 50.793495178222656,
            "count": 169
        },
        "simpleshooter.Policy.CuriosityBaselineEstimate.mean": {
            "value": 0.3887588083744049,
            "min": 0.19377775490283966,
            "max": 0.8171644806861877,
            "count": 169
        },
        "simpleshooter.Policy.CuriosityBaselineEstimate.sum": {
            "value": 5.442623138427734,
            "min": 1.9377775192260742,
            "max": 58.10820388793945,
            "count": 169
        },
        "simpleshooter.Policy.CuriosityValueEstimate.mean": {
            "value": 0.3887588083744049,
            "min": 0.19377775490283966,
            "max": 0.8040238618850708,
            "count": 169
        },
        "simpleshooter.Policy.CuriosityValueEstimate.sum": {
            "value": 5.442623138427734,
            "min": 1.9377775192260742,
            "max": 55.79720687866211,
            "count": 169
        },
        "simpleshooter.Environment.CumulativeReward.mean": {
            "value": 0.41111112965477836,
            "min": -0.8357143524502005,
            "max": 0.7166666984558105,
            "count": 162
        },
        "simpleshooter.Environment.CumulativeReward.sum": {
            "value": 3.7000001668930054,
            "min": -11.700000934302807,
            "max": 6.966666787862778,
            "count": 162
        },
        "simpleshooter.Policy.ExtrinsicReward.mean": {
            "value": 0.41111112965477836,
            "min": -0.8880953123526913,
            "max": 0.7166666984558105,
            "count": 162
        },
        "simpleshooter.Policy.ExtrinsicReward.sum": {
            "value": 3.7000001668930054,
            "min": -12.43333437293768,
            "max": 6.966666787862778,
            "count": 162
        },
        "simpleshooter.Policy.CuriosityReward.mean": {
            "value": 4.342268271578683,
            "min": 0.0,
            "max": 28.781516075134277,
            "count": 162
        },
        "simpleshooter.Policy.CuriosityReward.sum": {
            "value": 39.080414444208145,
            "min": 0.0,
            "max": 117.70116554200649,
            "count": 162
        },
        "simpleshooter.Environment.GroupCumulativeReward.mean": {
            "value": 0.0,
            "min": 0.0,
            "max": 0.0,
            "count": 162
        },
        "simpleshooter.Environment.GroupCumulativeReward.sum": {
            "value": 0.0,
            "min": 0.0,
            "max": 0.0,
            "count": 162
        },
        "simpleshooter.IsTraining.mean": {
            "value": 1.0,
            "min": 1.0,
            "max": 1.0,
            "count": 169
        },
        "simpleshooter.IsTraining.sum": {
            "value": 1.0,
            "min": 1.0,
            "max": 1.0,
            "count": 169
        },
        "simpleshooter.Losses.PolicyLoss.mean": {
            "value": 0.012958904510984819,
            "min": 0.012834893011798462,
            "max": 0.024113587802276015,
            "count": 79
        },
        "simpleshooter.Losses.PolicyLoss.sum": {
            "value": 0.012958904510984819,
            "min": 0.012834893011798462,
            "max": 0.024113587802276015,
            "count": 79
        },
        "simpleshooter.Losses.ValueLoss.mean": {
            "value": 0.0024661859730258583,
            "min": 0.0010887807603770247,
            "max": 0.012497829132233605,
            "count": 79
        },
        "simpleshooter.Losses.ValueLoss.sum": {
            "value": 0.0024661859730258583,
            "min": 0.0010887807603770247,
            "max": 0.012497829132233605,
            "count": 79
        },
        "simpleshooter.Losses.BaselineLoss.mean": {
            "value": 0.0024661859730258583,
            "min": 0.0010887807603770247,
            "max": 0.014596588853182215,
            "count": 79
        },
        "simpleshooter.Losses.BaselineLoss.sum": {
            "value": 0.0024661859730258583,
            "min": 0.0010887807603770247,
            "max": 0.014596588853182215,
            "count": 79
        },
        "simpleshooter.Policy.LearningRate.mean": {
            "value": 0.0003,
            "min": 0.0003,
            "max": 0.0003,
            "count": 79
        },
        "simpleshooter.Policy.LearningRate.sum": {
            "value": 0.0003,
            "min": 0.0003,
            "max": 0.0003,
            "count": 79
        },
        "simpleshooter.Policy.Epsilon.mean": {
            "value": 0.20000000000000007,
            "min": 0.19999999999999993,
            "max": 0.20000000000000007,
            "count": 79
        },
        "simpleshooter.Policy.Epsilon.sum": {
            "value": 0.20000000000000007,
            "min": 0.19999999999999993,
            "max": 0.20000000000000007,
            "count": 79
        },
        "simpleshooter.Policy.Beta.mean": {
            "value": 0.005000000000000001,
            "min": 0.005,
            "max": 0.005000000000000001,
            "count": 79
        },
        "simpleshooter.Policy.Beta.sum": {
            "value": 0.005000000000000001,
            "min": 0.005,
            "max": 0.005000000000000001,
            "count": 79
        },
        "simpleshooter.Losses.CuriosityForwardLoss.mean": {
            "value": 0.08328031549851099,
            "min": 0.05038630254566669,
            "max": 0.24116013199090958,
            "count": 79
        },
        "simpleshooter.Losses.CuriosityForwardLoss.sum": {
            "value": 0.08328031549851099,
            "min": 0.05038630254566669,
            "max": 0.24116013199090958,
            "count": 79
        },